probe_idx,gapfill,AAC,CAC,TGTTT,TGTT,CCCC,CCC
28,AAC,0.9810646330903435,0.0024721534072314534,,,,
61,TGTTTT,,,0.0033671867419323145,1e-09,,
28,CAC,0.0024721448720532633,0.9810645848898527,,,,
61,TGTT,,,0.004165042375345262,0.9810645848898527,,
61,TGT,,,0.0005269389418084886,0.004165042375345262,,
28,AC,0.003315292044798846,0.0033058749576183166,,,,
61,TGTTT,,,0.9810645848898527,0.0033671867419323145,,
1,CCC,,,,,0.007471920047497374,0.9810838578904912
28,C,0.00029494991942158354,0.0008198538170710456,,,,
28,AAA,0.002480083509007629,4.820049084459794e-08,,,,
61,TG,,,3.0709723069472655e-09,0.0005269389418084886,,
28,ACC,0.0024834679382593314,1.1362731518723131e-05,,,,
28,CCC,2.836783451736667e-08,0.0024721732398877805,,,,
1,CCCC,,,,,0.9810838578904912,0.005235102114356561
28,CA,1.2426091871376466e-05,0.004166050078338824,,,,
28,AAT,0.0024721732398877805,2.836783451736667e-08,,,,
28,ATC,0.0024721534072314534,2.836783451736667e-08,,,,
28,AGC,0.0024721534072314534,2.836783451736667e-08,,,,
28,CC,9.27546561935948e-06,2.069135303091444e-05,,,,
28,GAC,0.0024721448720532633,0.002472125039396936,,,,
28,CGC,1e-09,0.002472125039396936,,,,
28,AA,0.004174309523613822,1.868673691534836e-05,,,,
28,A,0.0005409687447951369,1.6064847145674825e-05,,,,
61,TATT,,,1.0418988762300611e-05,0.002472125039396936,,
1,CCCCCC,,,,,6.4110151094534106e-06,1e-09
61,GTGT,,,9.26714826856096e-06,7.958469610693513e-06,,
28,AACA,0.0033671867419323145,8.48476928559279e-06,,,,
61,TGTTTTTT,,,1e-09,1e-09,,
1,CC,,,,,0.0008338487937497626,0.007471920047497374
61,TGTTTTT,,,1e-09,1e-09,,
61,TT,,,1.2507234819458365e-06,0.00029494991942158365,,
28,AGA,4.820049084459794e-08,4.820049084459794e-08,,,,
28,TAC,0.0024721448720532633,0.002472125039396936,,,,
28,ACA,1.1362731518723131e-05,1.9273000638572044e-05,,,,
61,TGTTA,,,0.002472125039396936,0.0033671867419323145,,
61,TGTC,,,1.0418988762300611e-05,0.002472125039396936,,
61,TATTTT,,,8.48476928559279e-06,1e-09,,
61,CGTTTT,,,8.48476928559279e-06,1e-09,,
28,CAA,7.930101776176147e-06,0.0024721448720532633,,,,
61,TAT,,,2.0350441590264204e-06,1.0418988762300611e-05,,
61,TGTA,,,1.0418988762300611e-05,0.002472125039396936,,
61,TTGTT,,,7.930101776176146e-06,0.0018679153724242465,,
61,TGCCT,,,1e-09,1e-09,,
61,CGT,,,1.306216165525791e-06,1.0416487296041751e-05,,
61,TATTT,,,0.002472125039396936,8.48476928559279e-06,,
61,TTTT,,,1.969195291540123e-05,0.0024721732398877805,,
61,CGTT,,,1.0416487296041751e-05,0.002472125039396936,,
28,AACATACT,1e-09,1e-09,,,,
61,T,,,1.5744701285354717e-07,1.2507234819458365e-06,,
28,AT,1.868673691534836e-05,8.270249619306611e-06,,,,
61,TGTTTC,,,0.0033671867419323145,1e-09,,
61,TGCT,,,1.0416487296041751e-05,0.002472125039396936,,
61,TGCTT,,,0.002472125039396936,8.48476928559279e-06,,
28,GAA,7.930101776176147e-06,1.983265632723127e-08,,,,
28,AGT,2.836783451736667e-08,2.836783451736667e-08,,,,
61,TGTCT,,,0.002472125039396936,8.48476928559279e-06,,
61,GT,,,1.775494534570045e-06,1.4758630980149032e-05,,
61,CGTTT,,,0.002472125039396936,8.48476928559279e-06,,
28,GC,8.270249619306611e-06,9.26964973481982e-06,,,,
28,GCC,2.836783451736667e-08,4.820049084459794e-08,,,,
61,TGTTTTTTTTT,,,1e-09,1e-09,,
28,AG,1.868673691534836e-05,8.270249619306611e-06,,,,
28,GA,1.14208758713236e-05,1.042147575581039e-05,,,,
28,CAT,1.983265632723127e-08,0.002472125039396936,,,,
61,TGCC,,,1e-09,1e-09,,
28,CCAC,4.706846455132084e-06,0.0018679153724242465,,,,
61,TTTTTT,,,1.3191615740724873e-05,1.615472745029448e-08,,
61,TGTTC,,,0.002472125039396936,0.0033671867419323145,,
61,GGTTT,,,0.0024721534072314534,8.48476928559279e-06,,
28,CACA,8.48476928559279e-06,0.0033671867419323145,,,,
1,,,,,,1.5744701285354722e-07,3.0187798631129837e-06
61,CATT,,,1e-09,1e-09,,
61,TGC,,,1.306216165525791e-06,1.0418988762300611e-05,,
28,AAAA,1.3191615740724873e-05,1e-09,,,,
28,T,2.069870466957753e-06,2.069870466957753e-06,,,,
61,TTTTT,,,0.0024721732398877805,1.3191615740724873e-05,,
1,CCCCCCCCTCCGATGGCAGTGGTGG,,,,,1e-09,1e-09
61,CACCT,,,1e-09,1e-09,,
61,TTCT,,,4.98845976863857e-09,1.983265632723127e-08,,
61,TTT,,,0.00029494991942158365,1.969195291540123e-05,,
61,CGTCTT,,,1e-09,1e-09,,
61,GGT,,,1.3410424734571233e-06,1.8681748455579722e-05,,
61,CACT,,,1e-09,1e-09,,
1,CCCCC,,,,,0.005235102114356561,6.4110151094534106e-06
61,CGTC,,,1e-09,1e-09,,
61,TGCTTT,,,8.48476928559279e-06,1e-09,,
28,CAG,1.983265632723127e-08,0.002472125039396936,,,,
61,TGTTTTTTTT,,,1e-09,1e-09,,
61,TA,,,3.0709723069472655e-09,2.0350441590264204e-06,,
61,CTTT,,,8.270249619306611e-06,4.820049084459794e-08,,
